<?xml version="1.0" encoding="UTF-8"?>
<project-private xmlns="http://www.netbeans.org/ns/project-private/1">
    <editor-bookmarks xmlns="http://www.netbeans.org/ns/editor-bookmarks/2" lastBookmarkId="0"/>
    <open-files xmlns="http://www.netbeans.org/ns/projectui-open-files/2">
        <group>
            <file>file:/D:/ProjetoJava/ProjetoJava/src/Paciente.java</file>
            <file>file:/D:/ProjetoJava/ProjetoJava/src/Main.java</file>
            <file>file:/D:/ProjetoJava/ProjetoJava/src/Cadastro.java</file>
            <file>file:/D:/ProjetoJava/ProjetoJava/src/Arquivo.java</file>
            <file>file:/D:/ProjetoJava/ProjetoJava/src/Medico.java</file>
        </group>
    </open-files>
</project-private>
